,+ACI-Features+ACI-,+ACI-Missing Value Count+ACI-,+ACI-Missing Value Percentage+ACI-,+ACI-Data Types+ACI-,+ACI-count+ACI-,+ACI-mean+ACI-,+ACI-std+ACI-,+ACI-min+ACI-,+ACI-25+ACU-+ACI-,+ACI-50+ACU-+ACI-,+ACI-75+ACU-+ACI-,+ACI-max+ACI-,+ACI-Unique Categories+ACI-,+ACI-IQR+ACI-,+ACI-Lower Limit+ACI-,+ACI-Upper Limit+ACI-
0,+ACI-ID+ACI-,0,0,+ACI-Integer+ACI-,52310,6005.75,2306.45,2000,4015,6002,8004,10000,,3989,+AC0-1968.5,13987.5
1,+ACI-Agency+ACI-,0,0,+ACI-Categorical+ACI-,,,,,,,,,16,,,
2,+ACI-Agency Type+ACI-,0,0,+ACI-Categorical+ACI-,,,,,,,,,2,,,
3,+ACI-Distribution Channel+ACI-,0,0,+ACI-Categorical+ACI-,,,,,,,,,2,,,
4,+ACI-Product Name+ACI-,0,0,+ACI-Categorical+ACI-,,,,,,,,,25,,,
5,+ACI-Duration+ACI-,0,0,+ACI-Integer+ACI-,52310,58.26,109.14,+AC0-2,10,24,57,4881,,47,+AC0-60.5,127.5
6,+ACI-Destination+ACI-,0,0,+ACI-Categorical+ACI-,,,,,,,,,97,,,
7,+ACI-Net Sales+ACI-,0,0,+ACI-Float+ACI-,52310,48.55,60.20,+AC0-389,19.8,29.5,55,682,,35.2,+AC0-33,107.8
8,+ACI-Commision (in value)+ACI-,0,0,+ACI-Float+ACI-,52310,12.22,22.85,0,0,0,13.38,262.76,,13.38,+AC0-20.07,33.45
9,+ACI-Age+ACI-,0,0,+ACI-Integer+ACI-,52310,39.56,13.76,0,33,36,43,118,,10,18,58
10,+ACI-Claim+ACI-,0,0,+ACI-Integer+ACI-,52310,0.17,0.37,0,0,0,0,1,,0,0,0
