,+ACI-Probability Cut Off+ACI-,+ACI-Accuracy+ACI-,+ACI-Precision+ACI-,+ACI-Recall+ACI-,+ACI-F1 Score+ACI-,
0,0.00+ACU-,16.67+ACU-,16.67+ACU-,100.00+ACU-,28.58+ACU-,
1,5.00+ACU-,49.24+ACU-,24.01+ACU-,94.45+ACU-,38.28+ACU-,
2,10.00+ACU-,67.23+ACU-,32.17+ACU-,87.13+ACU-,46.99+ACU-,
3,15.00+ACU-,76.44+ACU-,39.78+ACU-,80.39+ACU-,53.22+ACU-,+ACI-Event Rate(16.66+ACU-)+ACI-
4,20.00+ACU-,80.75+ACU-,45.17+ACU-,72.52+ACU-,55.67+ACU-,
5,25.00+ACU-,81.61+ACU-,46.46+ACU-,67.79+ACU-,55.13+ACU-,
6,30.00+ACU-,82.66+ACU-,48.42+ACU-,61.16+ACU-,54.05+ACU-,
7,35.00+ACU-,83.22+ACU-,49.72+ACU-,59.81+ACU-,54.30+ACU-,
8,40.00+ACU-,84.61+ACU-,54.19+ACU-,49.63+ACU-,51.81+ACU-,
9,45.00+ACU-,85.24+ACU-,59.16+ACU-,36.98+ACU-,45.52+ACU-,
10,50.00+ACU-,85.00+ACU-,60.95+ACU-,27.82+ACU-,38.20+ACU-,
11,55.00+ACU-,84.66+ACU-,62.13+ACU-,20.49+ACU-,30.82+ACU-,
12,60.00+ACU-,84.45+ACU-,64.19+ACU-,15.17+ACU-,24.54+ACU-,
13,65.00+ACU-,84.22+ACU-,67.65+ACU-,10.26+ACU-,17.82+ACU-,
14,70.00+ACU-,83.71+ACU-,68.89+ACU-,4.14+ACU-,7.81+ACU-,
15,75.00+ACU-,83.53+ACU-,68.15+ACU-,2.28+ACU-,4.42+ACU-,
16,80.00+ACU-,83.36+ACU-,55.91+ACU-,0.81+ACU-,1.61+ACU-,
17,85.00+ACU-,83.31+ACU-,44.12+ACU-,0.34+ACU-,0.68+ACU-,
18,90.00+ACU-,83.31+ACU-,34.38+ACU-,0.13+ACU-,0.25+ACU-,
19,95.00+ACU-,83.31+ACU-,16.67+ACU-,0.02+ACU-,0.05+ACU-,
,,,,,,
,+ACI-Logistic Regression+ACI-,,,,,
